{
    "duration (s)": 547.0940539836884,
    "energy (kWh)": 0.056124830986988145,
    "co2eq (g)": 16.837449296096445,
    "car_emission": [
        [
            0.1398459243861831,
            "km travelled by car"
        ]
    ]
}