{
    "duration (s)": 1283.081771850586,
    "energy (kWh)": 0.13466715097588852,
    "co2eq (g)": 40.40014529276656,
    "car_emission": [
        [
            0.3355493795080279,
            "km travelled by car"
        ]
    ]
}