{
    "duration (s)": 394.5080964565277,
    "energy (kWh)": 0.04019909391950413,
    "co2eq (g)": 12.05972817585124,
    "car_emission": [
        [
            0.10016385528115647,
            "km travelled by car"
        ]
    ]
}