{
    "duration (s)": 731.0423874855042,
    "energy (kWh)": 0.06852820351888513,
    "co2eq (g)": 20.55846105566554,
    "car_emission": [
        [
            0.1707513376716407,
            "km travelled by car"
        ]
    ]
}