{
    "duration (s)": 245.21590495109558,
    "energy (kWh)": 0.01658247456256208,
    "co2eq (g)": 4.974742368768624,
    "car_emission": [
        [
            0.04131845821236398,
            "km travelled by car"
        ]
    ]
}