{
    "duration (s)": 929.1211702823639,
    "energy (kWh)": 0.1999284012189373,
    "co2eq (g)": 59.978520365681185,
    "car_emission": [
        [
            0.4981604681534982,
            "km travelled by car"
        ]
    ]
}