{
    "duration (s)": 1315.3548438549042,
    "energy (kWh)": 0.45845492245631814,
    "co2eq (g)": 137.53647673689545,
    "car_emission": [
        [
            1.142329541004115,
            "km travelled by car"
        ]
    ]
}