{
    "duration (s)": 934.099310874939,
    "energy (kWh)": 0.12671796675913732,
    "co2eq (g)": 38.0153900277412,
    "car_emission": [
        [
            0.3157424420908737,
            "km travelled by car"
        ]
    ]
}