{
    "duration (s)": 23.65450167655945,
    "energy (kWh)": 0.00381279258540984,
    "co2eq (g)": 1.143837775622952,
    "car_emission": [
        [
            0.009500313751021196,
            "km travelled by car"
        ]
    ]
}