{
    "duration (s)": 467.30484890937805,
    "energy (kWh)": 0.10036420970219585,
    "co2eq (g)": 30.109262910658757,
    "car_emission": [
        [
            0.25007693447390994,
            "km travelled by car"
        ]
    ]
}