{
    "duration (s)": 932.2790141105652,
    "energy (kWh)": 0.2326484515866237,
    "co2eq (g)": 69.7945354759871,
    "car_emission": [
        [
            0.5796888328570358,
            "km travelled by car"
        ]
    ]
}