{
    "duration (s)": 934.0646698474884,
    "energy (kWh)": 0.27417024356874864,
    "co2eq (g)": 82.25107307062459,
    "car_emission": [
        [
            0.6831484474304367,
            "km travelled by car"
        ]
    ]
}