{
    "duration (s)": 227.45363569259644,
    "energy (kWh)": 0.00613751627634405,
    "co2eq (g)": 1.841254882903215,
    "car_emission": [
        [
            0.015292814642053279,
            "km travelled by car"
        ]
    ]
}