{
    "duration (s)": 230.67027950286865,
    "energy (kWh)": 0.012278948663276947,
    "co2eq (g)": 3.683684598983084,
    "car_emission": [
        [
            0.03059538703474322,
            "km travelled by car"
        ]
    ]
}