{
    "duration (s)": 985.9286580085754,
    "energy (kWh)": 0.06725199917692036,
    "co2eq (g)": 20.175599753076106,
    "car_emission": [
        [
            0.16757142652056567,
            "km travelled by car"
        ]
    ]
}