{
    "duration (s)": 377.514053106308,
    "energy (kWh)": 0.02459772075347108,
    "co2eq (g)": 7.3793162260413245,
    "car_emission": [
        [
            0.061290001877419634,
            "km travelled by car"
        ]
    ]
}