{
    "duration (s)": 228.73665523529053,
    "energy (kWh)": 0.014383906983710329,
    "co2eq (g)": 4.315172095113098,
    "car_emission": [
        [
            0.035840299793298155,
            "km travelled by car"
        ]
    ]
}