{
    "duration (s)": 559.7725286483765,
    "energy (kWh)": 0.10006988477770049,
    "co2eq (g)": 30.020965433310145,
    "car_emission": [
        [
            0.24934356672184504,
            "km travelled by car"
        ]
    ]
}