{
    "duration (s)": 480.8000452518463,
    "energy (kWh)": 0.042375064305575,
    "co2eq (g)": 12.7125192916725,
    "car_emission": [
        [
            0.10558570840259551,
            "km travelled by car"
        ]
    ]
}