{
    "duration (s)": 482.28127455711365,
    "energy (kWh)": 0.07741692283849338,
    "co2eq (g)": 23.225076851548014,
    "car_emission": [
        [
            0.19289930939823932,
            "km travelled by car"
        ]
    ]
}