{
    "duration (s)": 766.3293299674988,
    "energy (kWh)": 0.13319064076469384,
    "co2eq (g)": 39.95719222940815,
    "car_emission": [
        [
            0.33187036735388825,
            "km travelled by car"
        ]
    ]
}