{
    "duration (s)": 1308.915019750595,
    "energy (kWh)": 0.24292632085283825,
    "co2eq (g)": 72.87789625585147,
    "car_emission": [
        [
            0.6052981416598959,
            "km travelled by car"
        ]
    ]
}