{
    "duration (s)": 2363.774243593216,
    "energy (kWh)": 0.17040092506234006,
    "co2eq (g)": 51.12027751870202,
    "car_emission": [
        [
            0.4245870225805815,
            "km travelled by car"
        ]
    ]
}