{
    "duration (s)": 292.8003704547882,
    "energy (kWh)": 0.015671357368068312,
    "co2eq (g)": 4.701407210420494,
    "car_emission": [
        [
            0.039048232644688485,
            "km travelled by car"
        ]
    ]
}