{
    "duration (s)": 1086.2528774738312,
    "energy (kWh)": 0.07301566095522714,
    "co2eq (g)": 21.90469828656814,
    "car_emission": [
        [
            0.18193271002133007,
            "km travelled by car"
        ]
    ]
}