{
    "duration (s)": 732.9357666969299,
    "energy (kWh)": 0.05048239991191939,
    "co2eq (g)": 15.144719973575818,
    "car_emission": [
        [
            0.1257867107439852,
            "km travelled by car"
        ]
    ]
}