{
    "duration (s)": 1447.4939639568329,
    "energy (kWh)": 0.10238436278589695,
    "co2eq (g)": 30.715308835769086,
    "car_emission": [
        [
            0.2551105385030655,
            "km travelled by car"
        ]
    ]
}