{
    "duration (s)": 246.93111062049866,
    "energy (kWh)": 0.007727293281681651,
    "co2eq (g)": 2.3181879845044953,
    "car_emission": [
        [
            0.019254053027445973,
            "km travelled by car"
        ]
    ]
}