{
    "duration (s)": 546.1466419696808,
    "energy (kWh)": 0.015403723900313016,
    "co2eq (g)": 4.621117170093905,
    "car_emission": [
        [
            0.03838137184463376,
            "km travelled by car"
        ]
    ]
}