{
    "duration (s)": 1282.9776413440704,
    "energy (kWh)": 0.033513443039282796,
    "co2eq (g)": 10.054032911784839,
    "car_emission": [
        [
            0.08350525674239899,
            "km travelled by car"
        ]
    ]
}