{
    "duration (s)": 733.3802020549774,
    "energy (kWh)": 0.020441924890074063,
    "co2eq (g)": 6.132577467022219,
    "car_emission": [
        [
            0.0509350287958656,
            "km travelled by car"
        ]
    ]
}