{
    "duration (s)": 394.18280720710754,
    "energy (kWh)": 0.011224566011768782,
    "co2eq (g)": 3.3673698035306345,
    "car_emission": [
        [
            0.0279681877369654,
            "km travelled by car"
        ]
    ]
}