{
    "duration (s)": 1306.4422481060028,
    "energy (kWh)": 0.18865522454721873,
    "co2eq (g)": 56.596567364165615,
    "car_emission": [
        [
            0.47007115750968115,
            "km travelled by car"
        ]
    ]
}