{
    "duration (s)": 1254.5462174415588,
    "energy (kWh)": 0.2281480628124703,
    "co2eq (g)": 68.44441884374109,
    "car_emission": [
        [
            0.5684752395659559,
            "km travelled by car"
        ]
    ]
}