{
    "duration (s)": 2387.8816859722137,
    "energy (kWh)": 0.5295532449169127,
    "co2eq (g)": 158.86597347507382,
    "car_emission": [
        [
            1.319484829527191,
            "km travelled by car"
        ]
    ]
}