{
    "duration (s)": 1256.136997461319,
    "energy (kWh)": 0.10330855598145063,
    "co2eq (g)": 30.992566794435188,
    "car_emission": [
        [
            0.2574133454687308,
            "km travelled by car"
        ]
    ]
}