{
    "duration (s)": 1488.3789882659912,
    "energy (kWh)": 0.32531631530138755,
    "co2eq (g)": 97.59489459041626,
    "car_emission": [
        [
            0.8105888255017961,
            "km travelled by car"
        ]
    ]
}